<?xml version="1.0" encoding="utf-8"?><feed xmlns="http://www.w3.org/2005/Atom" ><generator uri="https://jekyllrb.com/" version="4.1.1">Jekyll</generator><link href="http://localhost:4000/feed.xml" rel="self" type="application/atom+xml" /><link href="http://localhost:4000/" rel="alternate" type="text/html" /><updated>2021-01-07T16:16:03-06:00</updated><id>http://localhost:4000/feed.xml</id><title type="html">Hacker-Blog</title><subtitle>A Jekyll Blog Theme For Hackers</subtitle><author><name>SomeHacker</name><email>someone@somewebsite.somedomain</email></author><entry><title type="html">Welcome to Jekyll!</title><link href="http://localhost:4000/welcome-to-jekyll" rel="alternate" type="text/html" title="Welcome to Jekyll!" /><published>2020-12-08T12:43:51-06:00</published><updated>2020-12-08T12:43:51-06:00</updated><id>http://localhost:4000/welcome-to-jekyll</id><content type="html" xml:base="http://localhost:4000/welcome-to-jekyll">&lt;p&gt;You’ll find this post in your &lt;code class=&quot;language-plaintext highlighter-rouge&quot;&gt;_posts&lt;/code&gt; directory. Go ahead and edit it and re-build the site to see your changes. You can rebuild the site in many different ways, but the most common way is to run &lt;code class=&quot;language-plaintext highlighter-rouge&quot;&gt;jekyll serve&lt;/code&gt;, which launches a web server and auto-regenerates your site when a file is updated.&lt;/p&gt;

&lt;p&gt;Jekyll requires blog post files to be named according to the following format:&lt;/p&gt;

&lt;p&gt;&lt;code class=&quot;language-plaintext highlighter-rouge&quot;&gt;YEAR-MONTH-DAY-title.MARKUP&lt;/code&gt;&lt;/p&gt;

&lt;p&gt;Where &lt;code class=&quot;language-plaintext highlighter-rouge&quot;&gt;YEAR&lt;/code&gt; is a four-digit number, &lt;code class=&quot;language-plaintext highlighter-rouge&quot;&gt;MONTH&lt;/code&gt; and &lt;code class=&quot;language-plaintext highlighter-rouge&quot;&gt;DAY&lt;/code&gt; are both two-digit numbers, and &lt;code class=&quot;language-plaintext highlighter-rouge&quot;&gt;MARKUP&lt;/code&gt; is the file extension representing the format used in the file. After that, include the necessary front matter. Take a look at the source for this post to get an idea about how it works.&lt;/p&gt;

&lt;p&gt;Jekyll also offers powerful support for code snippets:&lt;/p&gt;

&lt;figure class=&quot;highlight&quot;&gt;&lt;pre&gt;&lt;code class=&quot;language-ruby&quot; data-lang=&quot;ruby&quot;&gt;&lt;span class=&quot;k&quot;&gt;def&lt;/span&gt; &lt;span class=&quot;nf&quot;&gt;print_hi&lt;/span&gt;&lt;span class=&quot;p&quot;&gt;(&lt;/span&gt;&lt;span class=&quot;nb&quot;&gt;name&lt;/span&gt;&lt;span class=&quot;p&quot;&gt;)&lt;/span&gt;
  &lt;span class=&quot;nb&quot;&gt;puts&lt;/span&gt; &lt;span class=&quot;s2&quot;&gt;&quot;Hi, &lt;/span&gt;&lt;span class=&quot;si&quot;&gt;#{&lt;/span&gt;&lt;span class=&quot;nb&quot;&gt;name&lt;/span&gt;&lt;span class=&quot;si&quot;&gt;}&lt;/span&gt;&lt;span class=&quot;s2&quot;&gt;&quot;&lt;/span&gt;
&lt;span class=&quot;k&quot;&gt;end&lt;/span&gt;
&lt;span class=&quot;n&quot;&gt;print_hi&lt;/span&gt;&lt;span class=&quot;p&quot;&gt;(&lt;/span&gt;&lt;span class=&quot;s1&quot;&gt;'Tom'&lt;/span&gt;&lt;span class=&quot;p&quot;&gt;)&lt;/span&gt;
&lt;span class=&quot;c1&quot;&gt;#=&amp;gt; prints 'Hi, Tom' to STDOUT.&lt;/span&gt;&lt;/code&gt;&lt;/pre&gt;&lt;/figure&gt;

&lt;p&gt;Check out the &lt;a href=&quot;https://jekyllrb.com/docs/home&quot;&gt;Jekyll docs&lt;/a&gt; for more info on how to get the most out of Jekyll. File all bugs/feature requests at &lt;a href=&quot;https://github.com/jekyll/jekyll&quot;&gt;Jekyll’s GitHub repo&lt;/a&gt;. If you have questions, you can ask them on &lt;a href=&quot;https://talk.jekyllrb.com/&quot;&gt;Jekyll Talk&lt;/a&gt;.&lt;/p&gt;</content><author><name>SomeHacker</name><email>someone@somewebsite.somedomain</email></author><category term="jekyll" /><category term="update" /><summary type="html">You’ll find this post in your _posts directory. Go ahead and edit it and re-build the site to see your changes. You can rebuild the site in many different ways, but the most common way is to run jekyll serve, which launches a web server and auto-regenerates your site when a file is updated.</summary></entry><entry><title type="html">Yet Another Sample Page</title><link href="http://localhost:4000/Yet-Another-Sample-Page" rel="alternate" type="text/html" title="Yet Another Sample Page" /><published>2018-01-06T00:00:00-06:00</published><updated>2018-01-06T00:00:00-06:00</updated><id>http://localhost:4000/Yet-Another-Sample-Page</id><content type="html" xml:base="http://localhost:4000/Yet-Another-Sample-Page">&lt;p&gt;Text can be &lt;strong&gt;bold&lt;/strong&gt;, &lt;em&gt;italic&lt;/em&gt;, &lt;del&gt;strikethrough&lt;/del&gt; or &lt;code class=&quot;language-plaintext highlighter-rouge&quot;&gt;keyword&lt;/code&gt;.&lt;/p&gt;

&lt;p&gt;&lt;a href=&quot;another-page&quot;&gt;Link to another page&lt;/a&gt;.&lt;/p&gt;

&lt;p&gt;There should be whitespace between paragraphs.&lt;/p&gt;

&lt;p&gt;There should be whitespace between paragraphs. We recommend including a README, or a file with information about your project.&lt;/p&gt;

&lt;h1 id=&quot;header-1&quot;&gt;&lt;a href=&quot;#header-1&quot;&gt;&lt;/a&gt;Header 1&lt;/h1&gt;

&lt;p&gt;This is a normal paragraph following a header. GitHub is a code hosting platform for version control and collaboration. It lets you and others work together on projects from anywhere.&lt;/p&gt;

&lt;h2 id=&quot;header-2&quot;&gt;&lt;a href=&quot;#header-2&quot;&gt;&lt;/a&gt;Header 2&lt;/h2&gt;

&lt;blockquote&gt;
  &lt;p&gt;This is a blockquote following a header.&lt;/p&gt;

  &lt;p&gt;When something is important enough, you do it even if the odds are not in your favor.&lt;/p&gt;
&lt;/blockquote&gt;

&lt;h3 id=&quot;header-3&quot;&gt;&lt;a href=&quot;#header-3&quot;&gt;&lt;/a&gt;Header 3&lt;/h3&gt;

&lt;div class=&quot;language-js highlighter-rouge&quot;&gt;&lt;div class=&quot;highlight&quot;&gt;&lt;pre class=&quot;highlight&quot;&gt;&lt;code&gt;&lt;span class=&quot;c1&quot;&gt;// Javascript code with syntax highlighting.&lt;/span&gt;
&lt;span class=&quot;kd&quot;&gt;var&lt;/span&gt; &lt;span class=&quot;nx&quot;&gt;fun&lt;/span&gt; &lt;span class=&quot;o&quot;&gt;=&lt;/span&gt; &lt;span class=&quot;kd&quot;&gt;function&lt;/span&gt; &lt;span class=&quot;nx&quot;&gt;lang&lt;/span&gt;&lt;span class=&quot;p&quot;&gt;(&lt;/span&gt;&lt;span class=&quot;nx&quot;&gt;l&lt;/span&gt;&lt;span class=&quot;p&quot;&gt;)&lt;/span&gt; &lt;span class=&quot;p&quot;&gt;{&lt;/span&gt;
  &lt;span class=&quot;nx&quot;&gt;dateformat&lt;/span&gt;&lt;span class=&quot;p&quot;&gt;.&lt;/span&gt;&lt;span class=&quot;nx&quot;&gt;i18n&lt;/span&gt; &lt;span class=&quot;o&quot;&gt;=&lt;/span&gt; &lt;span class=&quot;nx&quot;&gt;require&lt;/span&gt;&lt;span class=&quot;p&quot;&gt;(&lt;/span&gt;&lt;span class=&quot;dl&quot;&gt;'&lt;/span&gt;&lt;span class=&quot;s1&quot;&gt;./lang/&lt;/span&gt;&lt;span class=&quot;dl&quot;&gt;'&lt;/span&gt; &lt;span class=&quot;o&quot;&gt;+&lt;/span&gt; &lt;span class=&quot;nx&quot;&gt;l&lt;/span&gt;&lt;span class=&quot;p&quot;&gt;)&lt;/span&gt;
  &lt;span class=&quot;k&quot;&gt;return&lt;/span&gt; &lt;span class=&quot;kc&quot;&gt;true&lt;/span&gt;&lt;span class=&quot;p&quot;&gt;;&lt;/span&gt;
&lt;span class=&quot;p&quot;&gt;}&lt;/span&gt;
&lt;/code&gt;&lt;/pre&gt;&lt;/div&gt;&lt;/div&gt;

&lt;div class=&quot;language-ruby highlighter-rouge&quot;&gt;&lt;div class=&quot;highlight&quot;&gt;&lt;pre class=&quot;highlight&quot;&gt;&lt;code&gt;&lt;span class=&quot;c1&quot;&gt;# Ruby code with syntax highlighting&lt;/span&gt;
&lt;span class=&quot;no&quot;&gt;GitHubPages&lt;/span&gt;&lt;span class=&quot;o&quot;&gt;::&lt;/span&gt;&lt;span class=&quot;no&quot;&gt;Dependencies&lt;/span&gt;&lt;span class=&quot;p&quot;&gt;.&lt;/span&gt;&lt;span class=&quot;nf&quot;&gt;gems&lt;/span&gt;&lt;span class=&quot;p&quot;&gt;.&lt;/span&gt;&lt;span class=&quot;nf&quot;&gt;each&lt;/span&gt; &lt;span class=&quot;k&quot;&gt;do&lt;/span&gt; &lt;span class=&quot;o&quot;&gt;|&lt;/span&gt;&lt;span class=&quot;n&quot;&gt;gem&lt;/span&gt;&lt;span class=&quot;p&quot;&gt;,&lt;/span&gt; &lt;span class=&quot;n&quot;&gt;version&lt;/span&gt;&lt;span class=&quot;o&quot;&gt;|&lt;/span&gt;
  &lt;span class=&quot;n&quot;&gt;s&lt;/span&gt;&lt;span class=&quot;p&quot;&gt;.&lt;/span&gt;&lt;span class=&quot;nf&quot;&gt;add_dependency&lt;/span&gt;&lt;span class=&quot;p&quot;&gt;(&lt;/span&gt;&lt;span class=&quot;n&quot;&gt;gem&lt;/span&gt;&lt;span class=&quot;p&quot;&gt;,&lt;/span&gt; &lt;span class=&quot;s2&quot;&gt;&quot;= &lt;/span&gt;&lt;span class=&quot;si&quot;&gt;#{&lt;/span&gt;&lt;span class=&quot;n&quot;&gt;version&lt;/span&gt;&lt;span class=&quot;si&quot;&gt;}&lt;/span&gt;&lt;span class=&quot;s2&quot;&gt;&quot;&lt;/span&gt;&lt;span class=&quot;p&quot;&gt;)&lt;/span&gt;
&lt;span class=&quot;k&quot;&gt;end&lt;/span&gt;
&lt;/code&gt;&lt;/pre&gt;&lt;/div&gt;&lt;/div&gt;

&lt;h4 id=&quot;header-4&quot;&gt;&lt;a href=&quot;#header-4&quot;&gt;&lt;/a&gt;Header 4&lt;/h4&gt;

&lt;ul&gt;
  &lt;li&gt;This is an unordered list following a header.&lt;/li&gt;
  &lt;li&gt;This is an unordered list following a header.&lt;/li&gt;
  &lt;li&gt;This is an unordered list following a header.&lt;/li&gt;
&lt;/ul&gt;

&lt;h5 id=&quot;header-5&quot;&gt;&lt;a href=&quot;#header-5&quot;&gt;&lt;/a&gt;Header 5&lt;/h5&gt;

&lt;ol&gt;
  &lt;li&gt;This is an ordered list following a header.&lt;/li&gt;
  &lt;li&gt;This is an ordered list following a header.&lt;/li&gt;
  &lt;li&gt;This is an ordered list following a header.&lt;/li&gt;
&lt;/ol&gt;

&lt;h6 id=&quot;header-6&quot;&gt;&lt;a href=&quot;#header-6&quot;&gt;&lt;/a&gt;Header 6&lt;/h6&gt;

&lt;table&gt;
  &lt;thead&gt;
    &lt;tr&gt;
      &lt;th style=&quot;text-align: left&quot;&gt;head1&lt;/th&gt;
      &lt;th style=&quot;text-align: left&quot;&gt;head two&lt;/th&gt;
      &lt;th style=&quot;text-align: left&quot;&gt;three&lt;/th&gt;
    &lt;/tr&gt;
  &lt;/thead&gt;
  &lt;tbody&gt;
    &lt;tr&gt;
      &lt;td style=&quot;text-align: left&quot;&gt;ok&lt;/td&gt;
      &lt;td style=&quot;text-align: left&quot;&gt;good swedish fish&lt;/td&gt;
      &lt;td style=&quot;text-align: left&quot;&gt;nice&lt;/td&gt;
    &lt;/tr&gt;
    &lt;tr&gt;
      &lt;td style=&quot;text-align: left&quot;&gt;out of stock&lt;/td&gt;
      &lt;td style=&quot;text-align: left&quot;&gt;good and plenty&lt;/td&gt;
      &lt;td style=&quot;text-align: left&quot;&gt;nice&lt;/td&gt;
    &lt;/tr&gt;
    &lt;tr&gt;
      &lt;td style=&quot;text-align: left&quot;&gt;ok&lt;/td&gt;
      &lt;td style=&quot;text-align: left&quot;&gt;good &lt;code class=&quot;language-plaintext highlighter-rouge&quot;&gt;oreos&lt;/code&gt;&lt;/td&gt;
      &lt;td style=&quot;text-align: left&quot;&gt;hmm&lt;/td&gt;
    &lt;/tr&gt;
    &lt;tr&gt;
      &lt;td style=&quot;text-align: left&quot;&gt;ok&lt;/td&gt;
      &lt;td style=&quot;text-align: left&quot;&gt;good &lt;code class=&quot;language-plaintext highlighter-rouge&quot;&gt;zoute&lt;/code&gt; drop&lt;/td&gt;
      &lt;td style=&quot;text-align: left&quot;&gt;yumm&lt;/td&gt;
    &lt;/tr&gt;
  &lt;/tbody&gt;
&lt;/table&gt;

&lt;h3 id=&quot;theres-a-horizontal-rule-below-this&quot;&gt;There’s a horizontal rule below this.&lt;/h3&gt;

&lt;hr /&gt;

&lt;h3 id=&quot;here-is-an-unordered-list&quot;&gt;Here is an unordered list:&lt;/h3&gt;

&lt;ul&gt;
  &lt;li&gt;Item foo&lt;/li&gt;
  &lt;li&gt;Item bar&lt;/li&gt;
  &lt;li&gt;Item baz&lt;/li&gt;
  &lt;li&gt;Item zip&lt;/li&gt;
&lt;/ul&gt;

&lt;h3 id=&quot;and-an-ordered-list&quot;&gt;And an ordered list:&lt;/h3&gt;

&lt;ol&gt;
  &lt;li&gt;Item one&lt;/li&gt;
  &lt;li&gt;Item two&lt;/li&gt;
  &lt;li&gt;Item three&lt;/li&gt;
  &lt;li&gt;Item four&lt;/li&gt;
&lt;/ol&gt;

&lt;h3 id=&quot;and-a-nested-list&quot;&gt;And a nested list:&lt;/h3&gt;

&lt;ul&gt;
  &lt;li&gt;level 1 item
    &lt;ul&gt;
      &lt;li&gt;level 2 item&lt;/li&gt;
      &lt;li&gt;level 2 item
        &lt;ul&gt;
          &lt;li&gt;level 3 item&lt;/li&gt;
          &lt;li&gt;level 3 item&lt;/li&gt;
        &lt;/ul&gt;
      &lt;/li&gt;
    &lt;/ul&gt;
  &lt;/li&gt;
  &lt;li&gt;level 1 item
    &lt;ul&gt;
      &lt;li&gt;level 2 item&lt;/li&gt;
      &lt;li&gt;level 2 item&lt;/li&gt;
      &lt;li&gt;level 2 item&lt;/li&gt;
    &lt;/ul&gt;
  &lt;/li&gt;
  &lt;li&gt;level 1 item
    &lt;ul&gt;
      &lt;li&gt;level 2 item&lt;/li&gt;
      &lt;li&gt;level 2 item&lt;/li&gt;
    &lt;/ul&gt;
  &lt;/li&gt;
  &lt;li&gt;level 1 item&lt;/li&gt;
&lt;/ul&gt;

&lt;h3 id=&quot;small-image&quot;&gt;Small image&lt;/h3&gt;

&lt;p&gt;&lt;img src=&quot;https://assets-cdn.github.com/images/icons/emoji/octocat.png&quot; alt=&quot;&quot; /&gt;&lt;/p&gt;

&lt;h3 id=&quot;large-image&quot;&gt;Large image&lt;/h3&gt;

&lt;p&gt;&lt;img src=&quot;https://guides.github.com/activities/hello-world/branching.png&quot; alt=&quot;&quot; /&gt;&lt;/p&gt;

&lt;h3 id=&quot;definition-lists-can-be-used-with-html-syntax&quot;&gt;Definition lists can be used with HTML syntax.&lt;/h3&gt;

&lt;dl&gt;
&lt;dt&gt;Name&lt;/dt&gt;
&lt;dd&gt;Godzilla&lt;/dd&gt;
&lt;dt&gt;Born&lt;/dt&gt;
&lt;dd&gt;1952&lt;/dd&gt;
&lt;dt&gt;Birthplace&lt;/dt&gt;
&lt;dd&gt;Japan&lt;/dd&gt;
&lt;dt&gt;Color&lt;/dt&gt;
&lt;dd&gt;Green&lt;/dd&gt;
&lt;/dl&gt;

&lt;div class=&quot;language-plaintext highlighter-rouge&quot;&gt;&lt;div class=&quot;highlight&quot;&gt;&lt;pre class=&quot;highlight&quot;&gt;&lt;code&gt;Long, single-line code blocks should not wrap. They should horizontally scroll if they are too long. This line should be long enough to demonstrate this.
&lt;/code&gt;&lt;/pre&gt;&lt;/div&gt;&lt;/div&gt;

&lt;div class=&quot;language-plaintext highlighter-rouge&quot;&gt;&lt;div class=&quot;highlight&quot;&gt;&lt;pre class=&quot;highlight&quot;&gt;&lt;code&gt;The final element.
&lt;/code&gt;&lt;/pre&gt;&lt;/div&gt;&lt;/div&gt;</content><author><name>SomeHacker</name><email>someone@somewebsite.somedomain</email></author><summary type="html">Text can be bold, italic, strikethrough or keyword.</summary></entry><entry><title type="html">Sample Page</title><link href="http://localhost:4000/Sample-Page" rel="alternate" type="text/html" title="Sample Page" /><published>2017-12-12T00:00:00-06:00</published><updated>2017-12-12T00:00:00-06:00</updated><id>http://localhost:4000/Sample-Page</id><content type="html" xml:base="http://localhost:4000/Sample-Page">&lt;p&gt;Text can be &lt;strong&gt;bold&lt;/strong&gt;, &lt;em&gt;italic&lt;/em&gt;, &lt;del&gt;strikethrough&lt;/del&gt; or &lt;code class=&quot;language-plaintext highlighter-rouge&quot;&gt;keyword&lt;/code&gt;.&lt;/p&gt;

&lt;p&gt;&lt;a href=&quot;another-page&quot;&gt;Link to another page&lt;/a&gt;.&lt;/p&gt;

&lt;p&gt;There should be whitespace between paragraphs.&lt;/p&gt;

&lt;p&gt;There should be whitespace between paragraphs. We recommend including a README, or a file with information about your project.&lt;/p&gt;

&lt;h1 id=&quot;header-1&quot;&gt;&lt;a href=&quot;#header-1&quot;&gt;&lt;/a&gt;Header 1&lt;/h1&gt;

&lt;p&gt;This is a normal paragraph following a header. GitHub is a code hosting platform for version control and collaboration. It lets you and others work together on projects from anywhere.&lt;/p&gt;

&lt;h2 id=&quot;header-2&quot;&gt;&lt;a href=&quot;#header-2&quot;&gt;&lt;/a&gt;Header 2&lt;/h2&gt;

&lt;blockquote&gt;
  &lt;p&gt;This is a blockquote following a header.&lt;/p&gt;

  &lt;p&gt;When something is important enough, you do it even if the odds are not in your favor.&lt;/p&gt;
&lt;/blockquote&gt;

&lt;h3 id=&quot;header-3&quot;&gt;&lt;a href=&quot;#header-3&quot;&gt;&lt;/a&gt;Header 3&lt;/h3&gt;

&lt;div class=&quot;language-js highlighter-rouge&quot;&gt;&lt;div class=&quot;highlight&quot;&gt;&lt;pre class=&quot;highlight&quot;&gt;&lt;code&gt;&lt;span class=&quot;c1&quot;&gt;// Javascript code with syntax highlighting.&lt;/span&gt;
&lt;span class=&quot;kd&quot;&gt;var&lt;/span&gt; &lt;span class=&quot;nx&quot;&gt;fun&lt;/span&gt; &lt;span class=&quot;o&quot;&gt;=&lt;/span&gt; &lt;span class=&quot;kd&quot;&gt;function&lt;/span&gt; &lt;span class=&quot;nx&quot;&gt;lang&lt;/span&gt;&lt;span class=&quot;p&quot;&gt;(&lt;/span&gt;&lt;span class=&quot;nx&quot;&gt;l&lt;/span&gt;&lt;span class=&quot;p&quot;&gt;)&lt;/span&gt; &lt;span class=&quot;p&quot;&gt;{&lt;/span&gt;
  &lt;span class=&quot;nx&quot;&gt;dateformat&lt;/span&gt;&lt;span class=&quot;p&quot;&gt;.&lt;/span&gt;&lt;span class=&quot;nx&quot;&gt;i18n&lt;/span&gt; &lt;span class=&quot;o&quot;&gt;=&lt;/span&gt; &lt;span class=&quot;nx&quot;&gt;require&lt;/span&gt;&lt;span class=&quot;p&quot;&gt;(&lt;/span&gt;&lt;span class=&quot;dl&quot;&gt;'&lt;/span&gt;&lt;span class=&quot;s1&quot;&gt;./lang/&lt;/span&gt;&lt;span class=&quot;dl&quot;&gt;'&lt;/span&gt; &lt;span class=&quot;o&quot;&gt;+&lt;/span&gt; &lt;span class=&quot;nx&quot;&gt;l&lt;/span&gt;&lt;span class=&quot;p&quot;&gt;)&lt;/span&gt;
  &lt;span class=&quot;k&quot;&gt;return&lt;/span&gt; &lt;span class=&quot;kc&quot;&gt;true&lt;/span&gt;&lt;span class=&quot;p&quot;&gt;;&lt;/span&gt;
&lt;span class=&quot;p&quot;&gt;}&lt;/span&gt;
&lt;/code&gt;&lt;/pre&gt;&lt;/div&gt;&lt;/div&gt;

&lt;div class=&quot;language-ruby highlighter-rouge&quot;&gt;&lt;div class=&quot;highlight&quot;&gt;&lt;pre class=&quot;highlight&quot;&gt;&lt;code&gt;&lt;span class=&quot;c1&quot;&gt;# Ruby code with syntax highlighting&lt;/span&gt;
&lt;span class=&quot;no&quot;&gt;GitHubPages&lt;/span&gt;&lt;span class=&quot;o&quot;&gt;::&lt;/span&gt;&lt;span class=&quot;no&quot;&gt;Dependencies&lt;/span&gt;&lt;span class=&quot;p&quot;&gt;.&lt;/span&gt;&lt;span class=&quot;nf&quot;&gt;gems&lt;/span&gt;&lt;span class=&quot;p&quot;&gt;.&lt;/span&gt;&lt;span class=&quot;nf&quot;&gt;each&lt;/span&gt; &lt;span class=&quot;k&quot;&gt;do&lt;/span&gt; &lt;span class=&quot;o&quot;&gt;|&lt;/span&gt;&lt;span class=&quot;n&quot;&gt;gem&lt;/span&gt;&lt;span class=&quot;p&quot;&gt;,&lt;/span&gt; &lt;span class=&quot;n&quot;&gt;version&lt;/span&gt;&lt;span class=&quot;o&quot;&gt;|&lt;/span&gt;
  &lt;span class=&quot;n&quot;&gt;s&lt;/span&gt;&lt;span class=&quot;p&quot;&gt;.&lt;/span&gt;&lt;span class=&quot;nf&quot;&gt;add_dependency&lt;/span&gt;&lt;span class=&quot;p&quot;&gt;(&lt;/span&gt;&lt;span class=&quot;n&quot;&gt;gem&lt;/span&gt;&lt;span class=&quot;p&quot;&gt;,&lt;/span&gt; &lt;span class=&quot;s2&quot;&gt;&quot;= &lt;/span&gt;&lt;span class=&quot;si&quot;&gt;#{&lt;/span&gt;&lt;span class=&quot;n&quot;&gt;version&lt;/span&gt;&lt;span class=&quot;si&quot;&gt;}&lt;/span&gt;&lt;span class=&quot;s2&quot;&gt;&quot;&lt;/span&gt;&lt;span class=&quot;p&quot;&gt;)&lt;/span&gt;
&lt;span class=&quot;k&quot;&gt;end&lt;/span&gt;
&lt;/code&gt;&lt;/pre&gt;&lt;/div&gt;&lt;/div&gt;

&lt;h4 id=&quot;header-4&quot;&gt;&lt;a href=&quot;#header-4&quot;&gt;&lt;/a&gt;Header 4&lt;/h4&gt;

&lt;ul&gt;
  &lt;li&gt;This is an unordered list following a header.&lt;/li&gt;
  &lt;li&gt;This is an unordered list following a header.&lt;/li&gt;
  &lt;li&gt;This is an unordered list following a header.&lt;/li&gt;
&lt;/ul&gt;

&lt;h5 id=&quot;header-5&quot;&gt;&lt;a href=&quot;#header-5&quot;&gt;&lt;/a&gt;Header 5&lt;/h5&gt;

&lt;ol&gt;
  &lt;li&gt;This is an ordered list following a header.&lt;/li&gt;
  &lt;li&gt;This is an ordered list following a header.&lt;/li&gt;
  &lt;li&gt;This is an ordered list following a header.&lt;/li&gt;
&lt;/ol&gt;

&lt;h6 id=&quot;header-6&quot;&gt;&lt;a href=&quot;#header-6&quot;&gt;&lt;/a&gt;Header 6&lt;/h6&gt;

&lt;table&gt;
  &lt;thead&gt;
    &lt;tr&gt;
      &lt;th style=&quot;text-align: left&quot;&gt;head1&lt;/th&gt;
      &lt;th style=&quot;text-align: left&quot;&gt;head two&lt;/th&gt;
      &lt;th style=&quot;text-align: left&quot;&gt;three&lt;/th&gt;
    &lt;/tr&gt;
  &lt;/thead&gt;
  &lt;tbody&gt;
    &lt;tr&gt;
      &lt;td style=&quot;text-align: left&quot;&gt;ok&lt;/td&gt;
      &lt;td style=&quot;text-align: left&quot;&gt;good swedish fish&lt;/td&gt;
      &lt;td style=&quot;text-align: left&quot;&gt;nice&lt;/td&gt;
    &lt;/tr&gt;
    &lt;tr&gt;
      &lt;td style=&quot;text-align: left&quot;&gt;out of stock&lt;/td&gt;
      &lt;td style=&quot;text-align: left&quot;&gt;good and plenty&lt;/td&gt;
      &lt;td style=&quot;text-align: left&quot;&gt;nice&lt;/td&gt;
    &lt;/tr&gt;
    &lt;tr&gt;
      &lt;td style=&quot;text-align: left&quot;&gt;ok&lt;/td&gt;
      &lt;td style=&quot;text-align: left&quot;&gt;good &lt;code class=&quot;language-plaintext highlighter-rouge&quot;&gt;oreos&lt;/code&gt;&lt;/td&gt;
      &lt;td style=&quot;text-align: left&quot;&gt;hmm&lt;/td&gt;
    &lt;/tr&gt;
    &lt;tr&gt;
      &lt;td style=&quot;text-align: left&quot;&gt;ok&lt;/td&gt;
      &lt;td style=&quot;text-align: left&quot;&gt;good &lt;code class=&quot;language-plaintext highlighter-rouge&quot;&gt;zoute&lt;/code&gt; drop&lt;/td&gt;
      &lt;td style=&quot;text-align: left&quot;&gt;yumm&lt;/td&gt;
    &lt;/tr&gt;
  &lt;/tbody&gt;
&lt;/table&gt;

&lt;h3 id=&quot;theres-a-horizontal-rule-below-this&quot;&gt;There’s a horizontal rule below this.&lt;/h3&gt;

&lt;hr /&gt;

&lt;h3 id=&quot;here-is-an-unordered-list&quot;&gt;Here is an unordered list:&lt;/h3&gt;

&lt;ul&gt;
  &lt;li&gt;Item foo&lt;/li&gt;
  &lt;li&gt;Item bar&lt;/li&gt;
  &lt;li&gt;Item baz&lt;/li&gt;
  &lt;li&gt;Item zip&lt;/li&gt;
&lt;/ul&gt;

&lt;h3 id=&quot;and-an-ordered-list&quot;&gt;And an ordered list:&lt;/h3&gt;

&lt;ol&gt;
  &lt;li&gt;Item one&lt;/li&gt;
  &lt;li&gt;Item two&lt;/li&gt;
  &lt;li&gt;Item three&lt;/li&gt;
  &lt;li&gt;Item four&lt;/li&gt;
&lt;/ol&gt;

&lt;h3 id=&quot;and-a-nested-list&quot;&gt;And a nested list:&lt;/h3&gt;

&lt;ul&gt;
  &lt;li&gt;level 1 item
    &lt;ul&gt;
      &lt;li&gt;level 2 item&lt;/li&gt;
      &lt;li&gt;level 2 item
        &lt;ul&gt;
          &lt;li&gt;level 3 item&lt;/li&gt;
          &lt;li&gt;level 3 item&lt;/li&gt;
        &lt;/ul&gt;
      &lt;/li&gt;
    &lt;/ul&gt;
  &lt;/li&gt;
  &lt;li&gt;level 1 item
    &lt;ul&gt;
      &lt;li&gt;level 2 item&lt;/li&gt;
      &lt;li&gt;level 2 item&lt;/li&gt;
      &lt;li&gt;level 2 item&lt;/li&gt;
    &lt;/ul&gt;
  &lt;/li&gt;
  &lt;li&gt;level 1 item
    &lt;ul&gt;
      &lt;li&gt;level 2 item&lt;/li&gt;
      &lt;li&gt;level 2 item&lt;/li&gt;
    &lt;/ul&gt;
  &lt;/li&gt;
  &lt;li&gt;level 1 item&lt;/li&gt;
&lt;/ul&gt;

&lt;h3 id=&quot;small-image&quot;&gt;Small image&lt;/h3&gt;

&lt;p&gt;&lt;img src=&quot;https://assets-cdn.github.com/images/icons/emoji/octocat.png&quot; alt=&quot;&quot; /&gt;&lt;/p&gt;

&lt;h3 id=&quot;large-image&quot;&gt;Large image&lt;/h3&gt;

&lt;p&gt;&lt;img src=&quot;https://guides.github.com/activities/hello-world/branching.png&quot; alt=&quot;&quot; /&gt;&lt;/p&gt;

&lt;h3 id=&quot;definition-lists-can-be-used-with-html-syntax&quot;&gt;Definition lists can be used with HTML syntax.&lt;/h3&gt;

&lt;dl&gt;
&lt;dt&gt;Name&lt;/dt&gt;
&lt;dd&gt;Godzilla&lt;/dd&gt;
&lt;dt&gt;Born&lt;/dt&gt;
&lt;dd&gt;1952&lt;/dd&gt;
&lt;dt&gt;Birthplace&lt;/dt&gt;
&lt;dd&gt;Japan&lt;/dd&gt;
&lt;dt&gt;Color&lt;/dt&gt;
&lt;dd&gt;Green&lt;/dd&gt;
&lt;/dl&gt;

&lt;div class=&quot;language-plaintext highlighter-rouge&quot;&gt;&lt;div class=&quot;highlight&quot;&gt;&lt;pre class=&quot;highlight&quot;&gt;&lt;code&gt;Long, single-line code blocks should not wrap. They should horizontally scroll if they are too long. This line should be long enough to demonstrate this.
&lt;/code&gt;&lt;/pre&gt;&lt;/div&gt;&lt;/div&gt;

&lt;div class=&quot;language-plaintext highlighter-rouge&quot;&gt;&lt;div class=&quot;highlight&quot;&gt;&lt;pre class=&quot;highlight&quot;&gt;&lt;code&gt;The final element.
&lt;/code&gt;&lt;/pre&gt;&lt;/div&gt;&lt;/div&gt;</content><author><name>SomeHacker</name><email>someone@somewebsite.somedomain</email></author><summary type="html">Text can be bold, italic, strikethrough or keyword.</summary></entry><entry><title type="html">One More Sample Page</title><link href="http://localhost:4000/One-More-Sample-Page" rel="alternate" type="text/html" title="One More Sample Page" /><published>2017-12-11T00:00:00-06:00</published><updated>2017-12-11T00:00:00-06:00</updated><id>http://localhost:4000/One-More-Sample-Page</id><content type="html" xml:base="http://localhost:4000/One-More-Sample-Page">&lt;p&gt;Text can be &lt;strong&gt;bold&lt;/strong&gt;, &lt;em&gt;italic&lt;/em&gt;, &lt;del&gt;strikethrough&lt;/del&gt; or &lt;code class=&quot;language-plaintext highlighter-rouge&quot;&gt;keyword&lt;/code&gt;.&lt;/p&gt;

&lt;p&gt;&lt;a href=&quot;another-page&quot;&gt;Link to another page&lt;/a&gt;.&lt;/p&gt;

&lt;p&gt;There should be whitespace between paragraphs.&lt;/p&gt;

&lt;p&gt;There should be whitespace between paragraphs. We recommend including a README, or a file with information about your project.&lt;/p&gt;

&lt;h1 id=&quot;header-1&quot;&gt;&lt;a href=&quot;#header-1&quot;&gt;&lt;/a&gt;Header 1&lt;/h1&gt;

&lt;p&gt;This is a normal paragraph following a header. GitHub is a code hosting platform for version control and collaboration. It lets you and others work together on projects from anywhere.&lt;/p&gt;

&lt;h2 id=&quot;header-2&quot;&gt;&lt;a href=&quot;#header-2&quot;&gt;&lt;/a&gt;Header 2&lt;/h2&gt;

&lt;blockquote&gt;
  &lt;p&gt;This is a blockquote following a header.&lt;/p&gt;

  &lt;p&gt;When something is important enough, you do it even if the odds are not in your favor.&lt;/p&gt;
&lt;/blockquote&gt;

&lt;h3 id=&quot;header-3&quot;&gt;&lt;a href=&quot;#header-3&quot;&gt;&lt;/a&gt;Header 3&lt;/h3&gt;

&lt;div class=&quot;language-js highlighter-rouge&quot;&gt;&lt;div class=&quot;highlight&quot;&gt;&lt;pre class=&quot;highlight&quot;&gt;&lt;code&gt;&lt;span class=&quot;c1&quot;&gt;// Javascript code with syntax highlighting.&lt;/span&gt;
&lt;span class=&quot;kd&quot;&gt;var&lt;/span&gt; &lt;span class=&quot;nx&quot;&gt;fun&lt;/span&gt; &lt;span class=&quot;o&quot;&gt;=&lt;/span&gt; &lt;span class=&quot;kd&quot;&gt;function&lt;/span&gt; &lt;span class=&quot;nx&quot;&gt;lang&lt;/span&gt;&lt;span class=&quot;p&quot;&gt;(&lt;/span&gt;&lt;span class=&quot;nx&quot;&gt;l&lt;/span&gt;&lt;span class=&quot;p&quot;&gt;)&lt;/span&gt; &lt;span class=&quot;p&quot;&gt;{&lt;/span&gt;
  &lt;span class=&quot;nx&quot;&gt;dateformat&lt;/span&gt;&lt;span class=&quot;p&quot;&gt;.&lt;/span&gt;&lt;span class=&quot;nx&quot;&gt;i18n&lt;/span&gt; &lt;span class=&quot;o&quot;&gt;=&lt;/span&gt; &lt;span class=&quot;nx&quot;&gt;require&lt;/span&gt;&lt;span class=&quot;p&quot;&gt;(&lt;/span&gt;&lt;span class=&quot;dl&quot;&gt;'&lt;/span&gt;&lt;span class=&quot;s1&quot;&gt;./lang/&lt;/span&gt;&lt;span class=&quot;dl&quot;&gt;'&lt;/span&gt; &lt;span class=&quot;o&quot;&gt;+&lt;/span&gt; &lt;span class=&quot;nx&quot;&gt;l&lt;/span&gt;&lt;span class=&quot;p&quot;&gt;)&lt;/span&gt;
  &lt;span class=&quot;k&quot;&gt;return&lt;/span&gt; &lt;span class=&quot;kc&quot;&gt;true&lt;/span&gt;&lt;span class=&quot;p&quot;&gt;;&lt;/span&gt;
&lt;span class=&quot;p&quot;&gt;}&lt;/span&gt;
&lt;/code&gt;&lt;/pre&gt;&lt;/div&gt;&lt;/div&gt;

&lt;div class=&quot;language-ruby highlighter-rouge&quot;&gt;&lt;div class=&quot;highlight&quot;&gt;&lt;pre class=&quot;highlight&quot;&gt;&lt;code&gt;&lt;span class=&quot;c1&quot;&gt;# Ruby code with syntax highlighting&lt;/span&gt;
&lt;span class=&quot;no&quot;&gt;GitHubPages&lt;/span&gt;&lt;span class=&quot;o&quot;&gt;::&lt;/span&gt;&lt;span class=&quot;no&quot;&gt;Dependencies&lt;/span&gt;&lt;span class=&quot;p&quot;&gt;.&lt;/span&gt;&lt;span class=&quot;nf&quot;&gt;gems&lt;/span&gt;&lt;span class=&quot;p&quot;&gt;.&lt;/span&gt;&lt;span class=&quot;nf&quot;&gt;each&lt;/span&gt; &lt;span class=&quot;k&quot;&gt;do&lt;/span&gt; &lt;span class=&quot;o&quot;&gt;|&lt;/span&gt;&lt;span class=&quot;n&quot;&gt;gem&lt;/span&gt;&lt;span class=&quot;p&quot;&gt;,&lt;/span&gt; &lt;span class=&quot;n&quot;&gt;version&lt;/span&gt;&lt;span class=&quot;o&quot;&gt;|&lt;/span&gt;
  &lt;span class=&quot;n&quot;&gt;s&lt;/span&gt;&lt;span class=&quot;p&quot;&gt;.&lt;/span&gt;&lt;span class=&quot;nf&quot;&gt;add_dependency&lt;/span&gt;&lt;span class=&quot;p&quot;&gt;(&lt;/span&gt;&lt;span class=&quot;n&quot;&gt;gem&lt;/span&gt;&lt;span class=&quot;p&quot;&gt;,&lt;/span&gt; &lt;span class=&quot;s2&quot;&gt;&quot;= &lt;/span&gt;&lt;span class=&quot;si&quot;&gt;#{&lt;/span&gt;&lt;span class=&quot;n&quot;&gt;version&lt;/span&gt;&lt;span class=&quot;si&quot;&gt;}&lt;/span&gt;&lt;span class=&quot;s2&quot;&gt;&quot;&lt;/span&gt;&lt;span class=&quot;p&quot;&gt;)&lt;/span&gt;
&lt;span class=&quot;k&quot;&gt;end&lt;/span&gt;
&lt;/code&gt;&lt;/pre&gt;&lt;/div&gt;&lt;/div&gt;

&lt;h4 id=&quot;header-4&quot;&gt;&lt;a href=&quot;#header-4&quot;&gt;&lt;/a&gt;Header 4&lt;/h4&gt;

&lt;ul&gt;
  &lt;li&gt;This is an unordered list following a header.&lt;/li&gt;
  &lt;li&gt;This is an unordered list following a header.&lt;/li&gt;
  &lt;li&gt;This is an unordered list following a header.&lt;/li&gt;
&lt;/ul&gt;

&lt;h5 id=&quot;header-5&quot;&gt;&lt;a href=&quot;#header-5&quot;&gt;&lt;/a&gt;Header 5&lt;/h5&gt;

&lt;ol&gt;
  &lt;li&gt;This is an ordered list following a header.&lt;/li&gt;
  &lt;li&gt;This is an ordered list following a header.&lt;/li&gt;
  &lt;li&gt;This is an ordered list following a header.&lt;/li&gt;
&lt;/ol&gt;

&lt;h6 id=&quot;header-6&quot;&gt;&lt;a href=&quot;#header-6&quot;&gt;&lt;/a&gt;Header 6&lt;/h6&gt;

&lt;table&gt;
  &lt;thead&gt;
    &lt;tr&gt;
      &lt;th style=&quot;text-align: left&quot;&gt;head1&lt;/th&gt;
      &lt;th style=&quot;text-align: left&quot;&gt;head two&lt;/th&gt;
      &lt;th style=&quot;text-align: left&quot;&gt;three&lt;/th&gt;
    &lt;/tr&gt;
  &lt;/thead&gt;
  &lt;tbody&gt;
    &lt;tr&gt;
      &lt;td style=&quot;text-align: left&quot;&gt;ok&lt;/td&gt;
      &lt;td style=&quot;text-align: left&quot;&gt;good swedish fish&lt;/td&gt;
      &lt;td style=&quot;text-align: left&quot;&gt;nice&lt;/td&gt;
    &lt;/tr&gt;
    &lt;tr&gt;
      &lt;td style=&quot;text-align: left&quot;&gt;out of stock&lt;/td&gt;
      &lt;td style=&quot;text-align: left&quot;&gt;good and plenty&lt;/td&gt;
      &lt;td style=&quot;text-align: left&quot;&gt;nice&lt;/td&gt;
    &lt;/tr&gt;
    &lt;tr&gt;
      &lt;td style=&quot;text-align: left&quot;&gt;ok&lt;/td&gt;
      &lt;td style=&quot;text-align: left&quot;&gt;good &lt;code class=&quot;language-plaintext highlighter-rouge&quot;&gt;oreos&lt;/code&gt;&lt;/td&gt;
      &lt;td style=&quot;text-align: left&quot;&gt;hmm&lt;/td&gt;
    &lt;/tr&gt;
    &lt;tr&gt;
      &lt;td style=&quot;text-align: left&quot;&gt;ok&lt;/td&gt;
      &lt;td style=&quot;text-align: left&quot;&gt;good &lt;code class=&quot;language-plaintext highlighter-rouge&quot;&gt;zoute&lt;/code&gt; drop&lt;/td&gt;
      &lt;td style=&quot;text-align: left&quot;&gt;yumm&lt;/td&gt;
    &lt;/tr&gt;
  &lt;/tbody&gt;
&lt;/table&gt;

&lt;h3 id=&quot;theres-a-horizontal-rule-below-this&quot;&gt;There’s a horizontal rule below this.&lt;/h3&gt;

&lt;hr /&gt;

&lt;h3 id=&quot;here-is-an-unordered-list&quot;&gt;Here is an unordered list:&lt;/h3&gt;

&lt;ul&gt;
  &lt;li&gt;Item foo&lt;/li&gt;
  &lt;li&gt;Item bar&lt;/li&gt;
  &lt;li&gt;Item baz&lt;/li&gt;
  &lt;li&gt;Item zip&lt;/li&gt;
&lt;/ul&gt;

&lt;h3 id=&quot;and-an-ordered-list&quot;&gt;And an ordered list:&lt;/h3&gt;

&lt;ol&gt;
  &lt;li&gt;Item one&lt;/li&gt;
  &lt;li&gt;Item two&lt;/li&gt;
  &lt;li&gt;Item three&lt;/li&gt;
  &lt;li&gt;Item four&lt;/li&gt;
&lt;/ol&gt;

&lt;h3 id=&quot;and-a-nested-list&quot;&gt;And a nested list:&lt;/h3&gt;

&lt;ul&gt;
  &lt;li&gt;level 1 item
    &lt;ul&gt;
      &lt;li&gt;level 2 item&lt;/li&gt;
      &lt;li&gt;level 2 item
        &lt;ul&gt;
          &lt;li&gt;level 3 item&lt;/li&gt;
          &lt;li&gt;level 3 item&lt;/li&gt;
        &lt;/ul&gt;
      &lt;/li&gt;
    &lt;/ul&gt;
  &lt;/li&gt;
  &lt;li&gt;level 1 item
    &lt;ul&gt;
      &lt;li&gt;level 2 item&lt;/li&gt;
      &lt;li&gt;level 2 item&lt;/li&gt;
      &lt;li&gt;level 2 item&lt;/li&gt;
    &lt;/ul&gt;
  &lt;/li&gt;
  &lt;li&gt;level 1 item
    &lt;ul&gt;
      &lt;li&gt;level 2 item&lt;/li&gt;
      &lt;li&gt;level 2 item&lt;/li&gt;
    &lt;/ul&gt;
  &lt;/li&gt;
  &lt;li&gt;level 1 item&lt;/li&gt;
&lt;/ul&gt;

&lt;h3 id=&quot;small-image&quot;&gt;Small image&lt;/h3&gt;

&lt;p&gt;&lt;img src=&quot;https://assets-cdn.github.com/images/icons/emoji/octocat.png&quot; alt=&quot;&quot; /&gt;&lt;/p&gt;

&lt;h3 id=&quot;large-image&quot;&gt;Large image&lt;/h3&gt;

&lt;p&gt;&lt;img src=&quot;https://guides.github.com/activities/hello-world/branching.png&quot; alt=&quot;&quot; /&gt;&lt;/p&gt;

&lt;h3 id=&quot;definition-lists-can-be-used-with-html-syntax&quot;&gt;Definition lists can be used with HTML syntax.&lt;/h3&gt;

&lt;dl&gt;
&lt;dt&gt;Name&lt;/dt&gt;
&lt;dd&gt;Godzilla&lt;/dd&gt;
&lt;dt&gt;Born&lt;/dt&gt;
&lt;dd&gt;1952&lt;/dd&gt;
&lt;dt&gt;Birthplace&lt;/dt&gt;
&lt;dd&gt;Japan&lt;/dd&gt;
&lt;dt&gt;Color&lt;/dt&gt;
&lt;dd&gt;Green&lt;/dd&gt;
&lt;/dl&gt;

&lt;div class=&quot;language-plaintext highlighter-rouge&quot;&gt;&lt;div class=&quot;highlight&quot;&gt;&lt;pre class=&quot;highlight&quot;&gt;&lt;code&gt;Long, single-line code blocks should not wrap. They should horizontally scroll if they are too long. This line should be long enough to demonstrate this.
&lt;/code&gt;&lt;/pre&gt;&lt;/div&gt;&lt;/div&gt;

&lt;div class=&quot;language-plaintext highlighter-rouge&quot;&gt;&lt;div class=&quot;highlight&quot;&gt;&lt;pre class=&quot;highlight&quot;&gt;&lt;code&gt;The final element.
&lt;/code&gt;&lt;/pre&gt;&lt;/div&gt;&lt;/div&gt;</content><author><name>SomeHacker</name><email>someone@somewebsite.somedomain</email></author><summary type="html">Text can be bold, italic, strikethrough or keyword.</summary></entry><entry><title type="html">Another Sample Page</title><link href="http://localhost:4000/Another-Sample-Page" rel="alternate" type="text/html" title="Another Sample Page" /><published>2017-12-10T00:00:00-06:00</published><updated>2017-12-10T00:00:00-06:00</updated><id>http://localhost:4000/Another-Sample-Page</id><content type="html" xml:base="http://localhost:4000/Another-Sample-Page">&lt;p&gt;Text can be &lt;strong&gt;bold&lt;/strong&gt;, &lt;em&gt;italic&lt;/em&gt;, &lt;del&gt;strikethrough&lt;/del&gt; or &lt;code class=&quot;language-plaintext highlighter-rouge&quot;&gt;keyword&lt;/code&gt;.&lt;/p&gt;

&lt;p&gt;&lt;a href=&quot;another-page&quot;&gt;Link to another page&lt;/a&gt;.&lt;/p&gt;

&lt;p&gt;There should be whitespace between paragraphs.&lt;/p&gt;

&lt;p&gt;There should be whitespace between paragraphs. We recommend including a README, or a file with information about your project.&lt;/p&gt;

&lt;h1 id=&quot;header-1&quot;&gt;&lt;a href=&quot;#header-1&quot;&gt;&lt;/a&gt;Header 1&lt;/h1&gt;

&lt;p&gt;This is a normal paragraph following a header. GitHub is a code hosting platform for version control and collaboration. It lets you and others work together on projects from anywhere.&lt;/p&gt;

&lt;h2 id=&quot;header-2&quot;&gt;&lt;a href=&quot;#header-2&quot;&gt;&lt;/a&gt;Header 2&lt;/h2&gt;

&lt;blockquote&gt;
  &lt;p&gt;This is a blockquote following a header.&lt;/p&gt;

  &lt;p&gt;When something is important enough, you do it even if the odds are not in your favor.&lt;/p&gt;
&lt;/blockquote&gt;

&lt;h3 id=&quot;header-3&quot;&gt;&lt;a href=&quot;#header-3&quot;&gt;&lt;/a&gt;Header 3&lt;/h3&gt;

&lt;div class=&quot;language-js highlighter-rouge&quot;&gt;&lt;div class=&quot;highlight&quot;&gt;&lt;pre class=&quot;highlight&quot;&gt;&lt;code&gt;&lt;span class=&quot;c1&quot;&gt;// Javascript code with syntax highlighting.&lt;/span&gt;
&lt;span class=&quot;kd&quot;&gt;var&lt;/span&gt; &lt;span class=&quot;nx&quot;&gt;fun&lt;/span&gt; &lt;span class=&quot;o&quot;&gt;=&lt;/span&gt; &lt;span class=&quot;kd&quot;&gt;function&lt;/span&gt; &lt;span class=&quot;nx&quot;&gt;lang&lt;/span&gt;&lt;span class=&quot;p&quot;&gt;(&lt;/span&gt;&lt;span class=&quot;nx&quot;&gt;l&lt;/span&gt;&lt;span class=&quot;p&quot;&gt;)&lt;/span&gt; &lt;span class=&quot;p&quot;&gt;{&lt;/span&gt;
  &lt;span class=&quot;nx&quot;&gt;dateformat&lt;/span&gt;&lt;span class=&quot;p&quot;&gt;.&lt;/span&gt;&lt;span class=&quot;nx&quot;&gt;i18n&lt;/span&gt; &lt;span class=&quot;o&quot;&gt;=&lt;/span&gt; &lt;span class=&quot;nx&quot;&gt;require&lt;/span&gt;&lt;span class=&quot;p&quot;&gt;(&lt;/span&gt;&lt;span class=&quot;dl&quot;&gt;'&lt;/span&gt;&lt;span class=&quot;s1&quot;&gt;./lang/&lt;/span&gt;&lt;span class=&quot;dl&quot;&gt;'&lt;/span&gt; &lt;span class=&quot;o&quot;&gt;+&lt;/span&gt; &lt;span class=&quot;nx&quot;&gt;l&lt;/span&gt;&lt;span class=&quot;p&quot;&gt;)&lt;/span&gt;
  &lt;span class=&quot;k&quot;&gt;return&lt;/span&gt; &lt;span class=&quot;kc&quot;&gt;true&lt;/span&gt;&lt;span class=&quot;p&quot;&gt;;&lt;/span&gt;
&lt;span class=&quot;p&quot;&gt;}&lt;/span&gt;
&lt;/code&gt;&lt;/pre&gt;&lt;/div&gt;&lt;/div&gt;

&lt;div class=&quot;language-ruby highlighter-rouge&quot;&gt;&lt;div class=&quot;highlight&quot;&gt;&lt;pre class=&quot;highlight&quot;&gt;&lt;code&gt;&lt;span class=&quot;c1&quot;&gt;# Ruby code with syntax highlighting&lt;/span&gt;
&lt;span class=&quot;no&quot;&gt;GitHubPages&lt;/span&gt;&lt;span class=&quot;o&quot;&gt;::&lt;/span&gt;&lt;span class=&quot;no&quot;&gt;Dependencies&lt;/span&gt;&lt;span class=&quot;p&quot;&gt;.&lt;/span&gt;&lt;span class=&quot;nf&quot;&gt;gems&lt;/span&gt;&lt;span class=&quot;p&quot;&gt;.&lt;/span&gt;&lt;span class=&quot;nf&quot;&gt;each&lt;/span&gt; &lt;span class=&quot;k&quot;&gt;do&lt;/span&gt; &lt;span class=&quot;o&quot;&gt;|&lt;/span&gt;&lt;span class=&quot;n&quot;&gt;gem&lt;/span&gt;&lt;span class=&quot;p&quot;&gt;,&lt;/span&gt; &lt;span class=&quot;n&quot;&gt;version&lt;/span&gt;&lt;span class=&quot;o&quot;&gt;|&lt;/span&gt;
  &lt;span class=&quot;n&quot;&gt;s&lt;/span&gt;&lt;span class=&quot;p&quot;&gt;.&lt;/span&gt;&lt;span class=&quot;nf&quot;&gt;add_dependency&lt;/span&gt;&lt;span class=&quot;p&quot;&gt;(&lt;/span&gt;&lt;span class=&quot;n&quot;&gt;gem&lt;/span&gt;&lt;span class=&quot;p&quot;&gt;,&lt;/span&gt; &lt;span class=&quot;s2&quot;&gt;&quot;= &lt;/span&gt;&lt;span class=&quot;si&quot;&gt;#{&lt;/span&gt;&lt;span class=&quot;n&quot;&gt;version&lt;/span&gt;&lt;span class=&quot;si&quot;&gt;}&lt;/span&gt;&lt;span class=&quot;s2&quot;&gt;&quot;&lt;/span&gt;&lt;span class=&quot;p&quot;&gt;)&lt;/span&gt;
&lt;span class=&quot;k&quot;&gt;end&lt;/span&gt;
&lt;/code&gt;&lt;/pre&gt;&lt;/div&gt;&lt;/div&gt;

&lt;h4 id=&quot;header-4&quot;&gt;&lt;a href=&quot;#header-4&quot;&gt;&lt;/a&gt;Header 4&lt;/h4&gt;

&lt;ul&gt;
  &lt;li&gt;This is an unordered list following a header.&lt;/li&gt;
  &lt;li&gt;This is an unordered list following a header.&lt;/li&gt;
  &lt;li&gt;This is an unordered list following a header.&lt;/li&gt;
&lt;/ul&gt;

&lt;h5 id=&quot;header-5&quot;&gt;&lt;a href=&quot;#header-5&quot;&gt;&lt;/a&gt;Header 5&lt;/h5&gt;

&lt;ol&gt;
  &lt;li&gt;This is an ordered list following a header.&lt;/li&gt;
  &lt;li&gt;This is an ordered list following a header.&lt;/li&gt;
  &lt;li&gt;This is an ordered list following a header.&lt;/li&gt;
&lt;/ol&gt;

&lt;h6 id=&quot;header-6&quot;&gt;&lt;a href=&quot;#header-6&quot;&gt;&lt;/a&gt;Header 6&lt;/h6&gt;

&lt;table&gt;
  &lt;thead&gt;
    &lt;tr&gt;
      &lt;th style=&quot;text-align: left&quot;&gt;head1&lt;/th&gt;
      &lt;th style=&quot;text-align: left&quot;&gt;head two&lt;/th&gt;
      &lt;th style=&quot;text-align: left&quot;&gt;three&lt;/th&gt;
    &lt;/tr&gt;
  &lt;/thead&gt;
  &lt;tbody&gt;
    &lt;tr&gt;
      &lt;td style=&quot;text-align: left&quot;&gt;ok&lt;/td&gt;
      &lt;td style=&quot;text-align: left&quot;&gt;good swedish fish&lt;/td&gt;
      &lt;td style=&quot;text-align: left&quot;&gt;nice&lt;/td&gt;
    &lt;/tr&gt;
    &lt;tr&gt;
      &lt;td style=&quot;text-align: left&quot;&gt;out of stock&lt;/td&gt;
      &lt;td style=&quot;text-align: left&quot;&gt;good and plenty&lt;/td&gt;
      &lt;td style=&quot;text-align: left&quot;&gt;nice&lt;/td&gt;
    &lt;/tr&gt;
    &lt;tr&gt;
      &lt;td style=&quot;text-align: left&quot;&gt;ok&lt;/td&gt;
      &lt;td style=&quot;text-align: left&quot;&gt;good &lt;code class=&quot;language-plaintext highlighter-rouge&quot;&gt;oreos&lt;/code&gt;&lt;/td&gt;
      &lt;td style=&quot;text-align: left&quot;&gt;hmm&lt;/td&gt;
    &lt;/tr&gt;
    &lt;tr&gt;
      &lt;td style=&quot;text-align: left&quot;&gt;ok&lt;/td&gt;
      &lt;td style=&quot;text-align: left&quot;&gt;good &lt;code class=&quot;language-plaintext highlighter-rouge&quot;&gt;zoute&lt;/code&gt; drop&lt;/td&gt;
      &lt;td style=&quot;text-align: left&quot;&gt;yumm&lt;/td&gt;
    &lt;/tr&gt;
  &lt;/tbody&gt;
&lt;/table&gt;

&lt;h3 id=&quot;theres-a-horizontal-rule-below-this&quot;&gt;There’s a horizontal rule below this.&lt;/h3&gt;

&lt;hr /&gt;

&lt;h3 id=&quot;here-is-an-unordered-list&quot;&gt;Here is an unordered list:&lt;/h3&gt;

&lt;ul&gt;
  &lt;li&gt;Item foo&lt;/li&gt;
  &lt;li&gt;Item bar&lt;/li&gt;
  &lt;li&gt;Item baz&lt;/li&gt;
  &lt;li&gt;Item zip&lt;/li&gt;
&lt;/ul&gt;

&lt;h3 id=&quot;and-an-ordered-list&quot;&gt;And an ordered list:&lt;/h3&gt;

&lt;ol&gt;
  &lt;li&gt;Item one&lt;/li&gt;
  &lt;li&gt;Item two&lt;/li&gt;
  &lt;li&gt;Item three&lt;/li&gt;
  &lt;li&gt;Item four&lt;/li&gt;
&lt;/ol&gt;

&lt;h3 id=&quot;and-a-nested-list&quot;&gt;And a nested list:&lt;/h3&gt;

&lt;ul&gt;
  &lt;li&gt;level 1 item
    &lt;ul&gt;
      &lt;li&gt;level 2 item&lt;/li&gt;
      &lt;li&gt;level 2 item
        &lt;ul&gt;
          &lt;li&gt;level 3 item&lt;/li&gt;
          &lt;li&gt;level 3 item&lt;/li&gt;
        &lt;/ul&gt;
      &lt;/li&gt;
    &lt;/ul&gt;
  &lt;/li&gt;
  &lt;li&gt;level 1 item
    &lt;ul&gt;
      &lt;li&gt;level 2 item&lt;/li&gt;
      &lt;li&gt;level 2 item&lt;/li&gt;
      &lt;li&gt;level 2 item&lt;/li&gt;
    &lt;/ul&gt;
  &lt;/li&gt;
  &lt;li&gt;level 1 item
    &lt;ul&gt;
      &lt;li&gt;level 2 item&lt;/li&gt;
      &lt;li&gt;level 2 item&lt;/li&gt;
    &lt;/ul&gt;
  &lt;/li&gt;
  &lt;li&gt;level 1 item&lt;/li&gt;
&lt;/ul&gt;

&lt;h3 id=&quot;small-image&quot;&gt;Small image&lt;/h3&gt;

&lt;p&gt;&lt;img src=&quot;https://assets-cdn.github.com/images/icons/emoji/octocat.png&quot; alt=&quot;&quot; /&gt;&lt;/p&gt;

&lt;h3 id=&quot;large-image&quot;&gt;Large image&lt;/h3&gt;

&lt;p&gt;&lt;img src=&quot;https://guides.github.com/activities/hello-world/branching.png&quot; alt=&quot;&quot; /&gt;&lt;/p&gt;

&lt;h3 id=&quot;definition-lists-can-be-used-with-html-syntax&quot;&gt;Definition lists can be used with HTML syntax.&lt;/h3&gt;

&lt;dl&gt;
&lt;dt&gt;Name&lt;/dt&gt;
&lt;dd&gt;Godzilla&lt;/dd&gt;
&lt;dt&gt;Born&lt;/dt&gt;
&lt;dd&gt;1952&lt;/dd&gt;
&lt;dt&gt;Birthplace&lt;/dt&gt;
&lt;dd&gt;Japan&lt;/dd&gt;
&lt;dt&gt;Color&lt;/dt&gt;
&lt;dd&gt;Green&lt;/dd&gt;
&lt;/dl&gt;

&lt;div class=&quot;language-plaintext highlighter-rouge&quot;&gt;&lt;div class=&quot;highlight&quot;&gt;&lt;pre class=&quot;highlight&quot;&gt;&lt;code&gt;Long, single-line code blocks should not wrap. They should horizontally scroll if they are too long. This line should be long enough to demonstrate this.
&lt;/code&gt;&lt;/pre&gt;&lt;/div&gt;&lt;/div&gt;

&lt;div class=&quot;language-plaintext highlighter-rouge&quot;&gt;&lt;div class=&quot;highlight&quot;&gt;&lt;pre class=&quot;highlight&quot;&gt;&lt;code&gt;The final element.
&lt;/code&gt;&lt;/pre&gt;&lt;/div&gt;&lt;/div&gt;</content><author><name>SomeHacker</name><email>someone@somewebsite.somedomain</email></author><summary type="html">Text can be bold, italic, strikethrough or keyword.</summary></entry></feed>